appid,name,average_2weeks,average_forever,ccu,developer,discount,initialprice,median_2weeks,median_forever,negative,owners,positive,price,publisher,score_rank,userscore
730,Counter-Strike: Global Offensive,785,31177,1013936,Valve,0,0,317,5012,1173003,"100,000,000 .. 200,000,000",7642084,0,Valve,,0
271590,Grand Theft Auto V Legacy,885,13228,67851,Rockstar North,0,0,131,5910,250576,"50,000,000 .. 100,000,000",1739980,0,Rockstar Games,,0
578080,PUBG: BATTLEGROUNDS,878,23308,314682,PUBG Corporation,0,0,361,5812,1037487,"100,000,000 .. 200,000,000",1520457,0,"KRAFTON, Inc.",,0
105600,Terraria,576,7802,24580,Re-Logic,50,999,183,1918,35494,"20,000,000 .. 50,000,000",1373979,499,Re-Logic,,0
359550,Tom Clancy's Rainbow Six Siege,551,14412,51847,Ubisoft Montreal,0,1999,201,2537,225730,"20,000,000 .. 50,000,000",1172854,1999,Ubisoft,,0
4000,Garry's Mod,490,10204,18400,Facepunch Studios,40,999,93,1129,37161,"20,000,000 .. 50,000,000",1122546,599,Valve,,0
2358720,Black Myth: Wukong,329,3147,15004,Game Science,20,5999,112,2803,38378,"50,000,000 .. 100,000,000",1111720,4799,Game Science,,0
252490,Rust,976,22679,143870,Facepunch Studios,40,3999,323,3032,156649,"20,000,000 .. 50,000,000",1071135,2399,Facepunch Studios,,0
440,Team Fortress 2,614,9828,43819,Valve,0,0,233,324,117208,"50,000,000 .. 100,000,000",1044264,0,Valve,,0
1245620,ELDEN RING,548,7865,29529,"FromSoftware, Inc.",40,5999,203,5834,75137,"20,000,000 .. 50,000,000",981540,3599,"FromSoftware, Inc., Bandai Namco Entertainment",,0
550,Left 4 Dead 2,284,2265,25122,Valve,0,999,106,528,23762,"50,000,000 .. 100,000,000",940221,999,Valve,,0
431960,Wallpaper Engine,170,5038,91184,Wallpaper Engine Team,20,499,8,996,17560,"20,000,000 .. 50,000,000",876898,399,Wallpaper Engine Team,,0
413150,Stardew Valley,560,4733,50662,ConcernedApe,50,1499,179,1627,13811,"20,000,000 .. 50,000,000",872384,749,ConcernedApe,,0
227300,Euro Truck Simulator 2,354,6830,17281,SCS Software,75,1999,115,1703,22924,"10,000,000 .. 20,000,000",844480,499,SCS Software,,0
292030,The Witcher 3: Wild Hunt,580,3566,15893,CD PROJEKT RED,80,3999,86,971,32356,"20,000,000 .. 50,000,000",802993,799,CD PROJEKT RED,,0
553850,HELLDIVERS 2,495,4310,53399,Arrowhead Game Studios,20,3999,190,2210,241752,"20,000,000 .. 50,000,000",775883,3199,PlayStation Publishing LLC,,0
1086940,Baldur's Gate 3,725,7395,54771,Larian Studios,20,5999,285,4712,23974,"20,000,000 .. 50,000,000",736688,4799,Larian Studios,,0
739630,Phasmophobia,225,2169,9978,Kinetic Games,25,1999,97,928,32168,"10,000,000 .. 20,000,000",736611,1499,Kinetic Games,,0
1091500,Cyberpunk 2077,377,4886,22265,CD PROJEKT RED,65,5999,122,3177,131850,"20,000,000 .. 50,000,000",713071,2099,CD PROJEKT RED,,0
1174180,Red Dead Redemption 2,582,4177,29885,Rockstar Games,75,5999,137,1755,56875,"10,000,000 .. 20,000,000",676667,1499,Rockstar Games,,0
1172470,Apex Legends,575,9114,124262,Respawn,0,0,250,728,326926,"100,000,000 .. 200,000,000",668053,0,Electronic Arts,,0
945360,Among Us,117,1389,3832,Innersloth,40,499,84,668,57104,"20,000,000 .. 50,000,000",643681,299,Innersloth,,0
381210,Dead by Daylight,672,10158,44886,Behaviour Interactive Inc.,60,1999,299,1190,166993,"20,000,000 .. 50,000,000",630223,799,Behaviour Interactive Inc.,,0
346110,ARK: Survival Evolved,968,10182,22170,"Studio Wildcard, Instinct Games, Efecto Studios, Virtual Basement LLC",0,1499,329,962,117993,"20,000,000 .. 50,000,000",612177,1499,"Studio Wildcard, Snail Games USA",,0
242760,The Forest,201,1464,2892,Endnight Games Ltd,80,1999,94,789,27986,"20,000,000 .. 50,000,000",599805,399,Endnight Games Ltd,,0
218620,PAYDAY 2,4449,8466,27254,OVERKILL - a Starbreeze Studio.,67,999,1038,589,68755,"20,000,000 .. 50,000,000",594327,329,Starbreeze Publishing AB,,0
230410,Warframe,1248,10934,36195,Digital Extremes,0,0,399,431,81110,"20,000,000 .. 50,000,000",545393,0,Digital Extremes,,0
252950,Rocket League,428,17779,21106,Psyonix LLC,0,0,205,2862,73775,"10,000,000 .. 20,000,000",509445,0,Psyonix LLC,,0
304930,Unturned,3891,10005,10408,Smartly Dressed Games,0,0,1362,321,48852,"50,000,000 .. 100,000,000",506516,0,Smartly Dressed Games,,0
1085660,Destiny 2,877,11434,24619,Bungie,0,0,232,409,127725,"20,000,000 .. 50,000,000",497891,0,Bungie,,0
236390,War Thunder,801,8160,50478,Gaijin Entertainment,0,0,274,350,272617,"20,000,000 .. 50,000,000",484469,0,Gaijin Network Ltd,,0
322330,Don't Starve Together,438,2742,30542,Klei Entertainment,66,1499,127,517,23668,"10,000,000 .. 20,000,000",475393,509,Klei Entertainment,,0
1966720,Lethal Company,157,1391,6199,Zeekerss,20,999,113,711,13738,"10,000,000 .. 20,000,000",473422,799,Zeekerss,,0
892970,Valheim,759,4321,14439,Iron Gate AB,50,1999,361,1595,28377,"10,000,000 .. 20,000,000",471451,999,Coffee Stain Publishing,,0
239140,Dying Light,240,2312,4953,Techland,80,2499,86,1164,21945,"10,000,000 .. 20,000,000",435687,499,Techland,,0
582010,Monster Hunter: World,388,9315,11923,"CAPCOM Co., Ltd.",67,2999,105,3109,59151,"10,000,000 .. 20,000,000",434239,989,"CAPCOM Co., Ltd.",,0
620,Portal 2,144,928,1959,Valve,80,999,66,490,5675,"5,000,000 .. 10,000,000",427835,199,Valve,,0
1938090,Call of Duty: Modern Warfare II,528,4601,67419,"Treyarch, Raven Software, Beenox, High Moon Studios, Activision Shanghai, Sledgehammer Games, Infinity Ward, Demonware, Toys for Bob",45,6999,209,481,294520,"50,000,000 .. 100,000,000",419594,3849,Activision,,0
367520,Hollow Knight,271,1974,4912,Team Cherry,50,1499,106,674,12305,"5,000,000 .. 10,000,000",403641,749,Team Cherry,,0
322170,Geometry Dash,311,5885,27850,RobTop Games,50,499,37,527,28895,"5,000,000 .. 10,000,000",401026,249,RobTop Games,,0
374320,DARK SOULS III,398,5380,4381,"FromSoftware, Inc.",0,5999,255,2503,23449,"5,000,000 .. 10,000,000",390326,5999,"FromSoftware, Inc., Bandai Namco Entertainment",,0
1097150,Fall Guys: Ultimate Knockout,445,1364,664,Mediatonic,0,0,614,593,88589,"20,000,000 .. 50,000,000",385154,0,Ravenscourt,,0
1623730,Palworld,555,3551,18028,Pocketpair,25,2999,237,2101,22443,"50,000,000 .. 100,000,000",358266,2249,Pocketpair,,0
108600,Project Zomboid,587,3466,22864,The Indie Stone,33,1999,153,792,21892,"10,000,000 .. 20,000,000",355171,1339,The Indie Stone,,0
960090,Bloons TD 6,353,3777,7489,Ninja Kiwi,90,1399,175,1390,9691,"2,000,000 .. 5,000,000",344269,139,Ninja Kiwi,,0
250900,The Binding of Isaac: Rebirth,399,11556,14904,"Nicalis, Inc., Edmund McMillen",50,1499,136,3556,9255,"5,000,000 .. 10,000,000",334165,749,"Nicalis, Inc.",,0
548430,Deep Rock Galactic,340,3456,5216,Ghost Ship Games,67,2999,128,811,9413,"5,000,000 .. 10,000,000",333587,989,Coffee Stain Publishing,,0
221100,DayZ,1651,13880,37066,Bohemia Interactive,50,4999,771,2293,99903,"10,000,000 .. 20,000,000",330349,2499,Bohemia Interactive,,0
251570,7 Days to Die,648,6296,17045,The Fun Pimps,40,4499,285,1491,42157,"10,000,000 .. 20,000,000",327889,2699,The Fun Pimps Entertainment LLC,,0
377160,Fallout 4,950,6049,11179,Bethesda Game Studios,60,1999,236,2016,66233,"10,000,000 .. 20,000,000",326054,799,Bethesda Softworks,,0
648800,Raft,261,1581,4701,Redbeet Interactive,33,1999,180,902,23161,"10,000,000 .. 20,000,000",323198,1339,Axolot Games,,0
1172620,Sea of Thieves: 2025 Edition,362,3847,5437,Rare Ltd,65,3999,182,1209,38164,"5,000,000 .. 10,000,000",317074,1399,Xbox Game Studios,,0
291550,Brawlhalla,368,2774,14169,Blue Mammoth Games,0,0,72,187,71647,"20,000,000 .. 50,000,000",314809,0,Ubisoft,,0
284160,BeamNG.drive,161,4410,15863,BeamNG,20,2499,75,636,8405,"5,000,000 .. 10,000,000",313873,1999,BeamNG,,0
489830,The Elder Scrolls V: Skyrim Special Edition,850,4940,25085,Bethesda Game Studios,75,3999,216,1254,26896,"5,000,000 .. 10,000,000",310162,999,Bethesda Softworks,,0
814380,Sekiro: Shadows Die Twice - GOTY Edition,300,2578,6767,"FromSoftware, Inc.",0,5999,81,1496,15193,"10,000,000 .. 20,000,000",307041,5999,"Activision (Excluding Japan and Asia), FromSoftware, Inc. (Japan), 方块游戏 (Asia)",,0
394360,Hearts of Iron IV,606,17955,32112,Paradox Development Studio,70,4999,315,3317,36982,"5,000,000 .. 10,000,000",305168,1499,Paradox Interactive,,0
264710,Subnautica,311,2231,2719,Unknown Worlds Entertainment,50,2999,158,1053,9258,"5,000,000 .. 10,000,000",304449,1499,Unknown Worlds Entertainment,,0
289070,Sid Meier’s Civilization VI,565,6028,25420,"Firaxis Games, Aspyr (Mac), Aspyr (Linux)",95,5999,268,1511,45867,"10,000,000 .. 20,000,000",304053,299,"2K, Aspyr (Mac), Aspyr (Linux)",,0
72850,The Elder Scrolls V: Skyrim,39,6992,1463,Bethesda Game Studios,0,1999,48,3023,16364,"5,000,000 .. 10,000,000",300915,1999,Bethesda Softworks,,0
444090,Paladins,1102,3388,1028,Evil Mojo Games,0,0,522,496,52031,"10,000,000 .. 20,000,000",294373,0,Hi-Rez Studios,,0
275850,No Man's Sky,437,3269,12291,Hello Games,60,5999,85,1049,59526,"5,000,000 .. 10,000,000",293332,2399,Hello Games,,0
632360,Risk of Rain 2,332,3313,7902,Hopoo Games,0,2499,100,1230,20450,"5,000,000 .. 10,000,000",293127,2499,Gearbox Publishing,,0
990080,Hogwarts Legacy,274,2263,5716,Avalanche Software,75,5999,97,1712,31429,"20,000,000 .. 50,000,000",289966,1499,Warner Bros. Games,,0
1118200,People Playground,202,3742,4505,mestiez,85,999,127,591,4017,"5,000,000 .. 10,000,000",277746,149,Studio Minus,,0
1145360,Hades,161,2096,2253,Supergiant Games,66,2499,180,1088,4912,"5,000,000 .. 10,000,000",274829,849,Supergiant Games,,0
49520,Borderlands 2,153,3143,8551,"Gearbox Software, Aspyr (Mac), Aspyr (Linux)",75,1999,92,930,22318,"10,000,000 .. 20,000,000",272900,499,"2K, Aspyr (Mac), Aspyr (Linux)",,0
391540,Undertale,302,844,3331,tobyfox,75,999,81,352,8850,"5,000,000 .. 10,000,000",264082,249,tobyfox,,0
1293830,Forza Horizon 4,156,2015,4864,Playground Games,0,0,45,819,26975,"5,000,000 .. 10,000,000",263942,0,Xbox Game Studios,,0
255710,Cities: Skylines,415,3546,8842,Colossal Order Ltd.,70,2999,147,805,19408,"10,000,000 .. 20,000,000",256362,899,Paradox Interactive,,0
107410,Arma 3,776,10697,7181,Bohemia Interactive,90,2999,570,901,27136,"10,000,000 .. 20,000,000",256128,299,Bohemia Interactive,,0
1794680,Vampire Survivors,317,2049,2966,poncle,25,499,209,1240,3855,"5,000,000 .. 10,000,000",246479,374,poncle,,0
1237970,Titanfall 2,85,818,1173,Respawn Entertainment,85,2999,71,354,11664,"5,000,000 .. 10,000,000",244524,449,Electronic Arts,,0
10,Counter-Strike,522,10805,7323,Valve,0,999,41,171,6427,"10,000,000 .. 20,000,000",243818,999,Valve,,0
220,Half-Life 2,72,818,1555,Valve,80,999,66,338,5906,"10,000,000 .. 20,000,000",239721,199,Valve,,0
203160,Tomb Raider,261,786,556,"Crystal Dynamics, Eidos-Montréal, Feral Interactive (Mac), Nixxes",85,1499,162,482,9691,"5,000,000 .. 10,000,000",238239,224,"Crystal Dynamics, Feral Interactive (Mac)",,0
261550,Mount & Blade II: Bannerlord,844,8451,14477,TaleWorlds Entertainment,50,4999,478,4394,32031,"10,000,000 .. 20,000,000",232360,2499,TaleWorlds Entertainment,,0
1203220,NARAKA: BLADEPOINT,453,8250,66954,24 Entertainment,0,0,166,400,98967,"10,000,000 .. 20,000,000",225960,0,NetEase Games Global,,0
526870,Satisfactory,793,5707,12596,Coffee Stain Studios,30,3999,368,1994,6585,"10,000,000 .. 20,000,000",225479,2799,Coffee Stain Publishing,,0
976730,Halo: The Master Chief Collection,157,2385,3362,"343 Industries, Splash Damage, Ruffian Games, Bungie, Saber Interactive",75,3999,88,730,18432,"5,000,000 .. 10,000,000",223635,999,Xbox Game Studios,,0
1326470,Sons Of The Forest,311,1394,4450,Endnight Games Ltd,66,2999,230,891,31051,"10,000,000 .. 20,000,000",222495,1019,Newnight ,,0
22380,Fallout: New Vegas,171,3649,3892,Obsidian Entertainment,0,999,128,1038,8937,"5,000,000 .. 10,000,000",218763,999,Bethesda Softworks,,0
1144200,Ready or Not,175,1351,4296,VOID Interactive,50,4999,86,651,25542,"5,000,000 .. 10,000,000",210654,2499,VOID Interactive,,0
238960,Path of Exile,3012,10800,4694,Grinding Gear Games,0,0,2151,393,25269,"20,000,000 .. 50,000,000",209822,0,Grinding Gear Games,,0
427520,Factorio,605,9858,16426,Wube Software LTD.,0,3500,420,3157,6439,"5,000,000 .. 10,000,000",208770,3500,Wube Software LTD.,,0
1426210,It Takes Two,228,985,5018,Hazelight Studios,75,3999,101,752,10341,"5,000,000 .. 10,000,000",208042,999,Electronic Arts,,0
294100,RimWorld,993,15877,19211,Ludeon Studios,20,3499,398,4036,4301,"5,000,000 .. 10,000,000",206216,2799,Ludeon Studios,,0
698780,Doki Doki Literature Club!,340,319,427,Team Salvato,0,0,496,130,7470,"5,000,000 .. 10,000,000",203247,0,Team Salvato,,0
477160,Human Fall Flat,54,881,950,No Brakes Games,70,1999,40,378,11387,"10,000,000 .. 20,000,000",202253,599,Curve Games,,0
3164500,Schedule I,283,1443,22757,TVGS,30,1999,125,1015,3238,"10,000,000 .. 20,000,000",200803,1399,TVGS,,0
1551360,Forza Horizon 5,274,3452,10009,Playground Games,50,5999,111,1412,25679,"5,000,000 .. 10,000,000",199950,2999,Xbox Game Studios,,0
379720,DOOM,128,948,1590,id Software,80,1999,51,494,9278,"5,000,000 .. 10,000,000",198001,399,Bethesda Softworks,,0
1063730,New World: Aeternum,1410,10376,5583,Amazon Games,40,5999,572,3916,90080,"50,000,000 .. 100,000,000",196798,3599,Amazon Games,,0
700330,SCP: Secret Laboratory,140,1382,4696,Northwood Studios,0,0,101,72,18386,"5,000,000 .. 10,000,000",195923,0,Northwood Studios,,0
8930,Sid Meier's Civilization V,695,8679,12206,"Firaxis Games, Aspyr (Mac), Aspyr (Linux)",75,2999,576,2482,8541,"10,000,000 .. 20,000,000",195724,749,"2K, Aspyr (Mac), Aspyr (Linux)",,0
782330,DOOM Eternal,214,1179,2262,id Software,75,3999,149,613,18219,"5,000,000 .. 10,000,000",187807,999,Bethesda Softworks,,0
435150,Divinity: Original Sin 2 - Definitive Edition,554,4447,3510,Larian Studios,70,4499,366,2223,7958,"5,000,000 .. 10,000,000",182166,1349,Larian Studios,,0
438100,VRChat,1329,4367,34699,VRChat Inc.,0,0,328,120,58732,"20,000,000 .. 50,000,000",181623,0,VRChat Inc.,,0
311210,Call of Duty: Black Ops III,146,4120,5414,"Treyarch, Aspyr (Mac)",67,5999,91,1409,33720,"5,000,000 .. 10,000,000",181306,1979,"Activision, Aspyr (Mac)",,0
594650,Hunt: Showdown 1896,706,9451,6300,Crytek,50,2999,370,760,67110,"10,000,000 .. 20,000,000",181110,1499,Crytek,,0
268910,Cuphead,127,840,2080,Studio MDHR Entertainment Inc.,30,1999,52,380,6941,"5,000,000 .. 10,000,000",179894,1399,Studio MDHR Entertainment Inc.,,0
3241660,R.E.P.O.,195,967,32349,semiwork,20,999,95,585,6488,"10,000,000 .. 20,000,000",179154,799,semiwork,,0
646570,Slay the Spire,394,5416,15038,Mega Crit,75,2499,184,1856,4027,"5,000,000 .. 10,000,000",178250,624,Mega Crit,,0
2050650,Resident Evil 4,349,2343,3748,"CAPCOM Co., Ltd.",50,3999,104,1545,4169,"5,000,000 .. 10,000,000",177539,1999,"CAPCOM Co., Ltd.",,0
1238810,Battlefield V,232,1891,6327,DICE,95,4999,70,521,72936,"10,000,000 .. 20,000,000",177352,249,Electronic Arts,,0
240,Counter-Strike: Source,118,6636,6187,Valve,80,999,36,388,6808,"10,000,000 .. 20,000,000",175426,199,Valve,,0
393380,Squad,526,5691,9116,Offworld,60,4999,202,833,35463,"2,000,000 .. 5,000,000",175088,1999,Offworld,,0
400,Portal,79,424,638,Valve,80,999,79,169,2717,"10,000,000 .. 20,000,000",175024,199,Valve,,0
270880,American Truck Simulator,268,4153,6742,SCS Software,75,1999,75,832,5552,"2,000,000 .. 5,000,000",169735,499,SCS Software,,0
883710,Resident Evil 2,314,1242,1123,"CAPCOM Co., Ltd.",75,3999,218,768,5210,"5,000,000 .. 10,000,000",167647,999,"CAPCOM Co., Ltd.",,0
1238840,Battlefield 1,222,1748,6308,DICE,95,3999,103,489,26046,"5,000,000 .. 10,000,000",166775,199,Electronic Arts,,0
1229490,ULTRAKILL,167,1658,3122,"Arsi ""Hakita"" Patala",33,2499,150,520,3884,"5,000,000 .. 10,000,000",165867,1674,New Blood Interactive,,0
588650,Dead Cells,414,1929,2559,Motion Twin,50,2499,129,826,4915,"5,000,000 .. 10,000,000",163549,1249,Motion Twin,,0
319630,Life is Strange - Episode 1,123,558,294,"DONTNOD Entertainment, Feral Interactive (Mac), Feral Interactive (Linux)",0,0,157,175,6432,"5,000,000 .. 10,000,000",162769,0,"Square Enix, Feral interactive (Mac), Feral Interactive (Linux)",,0
48700,Mount & Blade: Warband,349,7546,3055,TaleWorlds Entertainment,75,1999,191,1932,3773,"5,000,000 .. 10,000,000",162632,499,TaleWorlds Entertainment,,0
1222140,Detroit: Become Human,146,751,2344,Quantic Dream,70,3999,139,690,7152,"2,000,000 .. 5,000,000",162047,1199,Quantic Dream,,0
281990,Stellaris,750,7671,13727,Paradox Development Studio,75,3999,413,1481,25906,"2,000,000 .. 5,000,000",159527,999,Paradox Interactive,,0
518790,theHunter: Call of the Wild,572,1792,2207,Expansive Worlds,75,1999,153,377,19969,"5,000,000 .. 10,000,000",157641,499,Avalanche Studios,,0
534380,Dying Light 2 Stay Human: Reloaded Edition,526,2720,4223,Techland,67,5999,326,1766,40708,"5,000,000 .. 10,000,000",154122,1979,Techland,,0
813780,Age of Empires II: Definitive Edition,487,4097,13465,"World's Edge, Forgotten Empires, Tantalus Media, Wicked Witch, CaptureAge, World's Edge",65,3499,297,789,8401,"2,000,000 .. 5,000,000",154061,1224,Xbox Game Studios,,0
812140,Assassin's Creed Odyssey,631,3964,2629,"Ubisoft Quebec, Ubisoft Montreal, Ubisoft Bucharest, Ubisoft Singapore, Ubisoft Montpellier, Ubisoft Kiev, Ubisoft Shanghai",80,5999,414,2574,19102,"5,000,000 .. 10,000,000",153091,1199,Ubisoft,,0
1332010,Stray,45,455,498,BlueTwelve Studio,40,2999,56,364,4295,"5,000,000 .. 10,000,000",152312,1799,Annapurna Interactive,,0
211820,Starbound,229,3504,894,Chucklefish,50,1499,208,1202,12756,"2,000,000 .. 5,000,000",152150,749,Chucklefish,,0
1593500,God of War,255,1954,1380,"Santa Monica Studio, Jetpack Interactive",60,4999,165,1411,6311,"5,000,000 .. 10,000,000",151706,1999,PlayStation Publishing LLC,,0
2379780,Balatro,271,2341,17123,LocalThunk,10,1499,126,1234,3042,"2,000,000 .. 5,000,000",150524,1349,Playstack,,0
1222670,The Sims 4,285,1884,25276,Maxis,0,0,69,222,21663,"10,000,000 .. 20,000,000",149064,0,Electronic Arts,,0
901583,Grand Theft Auto IV: Complete Edition,0,0,0,"Rockstar North, Rockstar Toronto",0,0,0,0,30702,"20,000,000 .. 50,000,000",144570,0,Rockstar Games,,0
12210,Grand Theft Auto IV: The Complete Edition,270,1587,2122,"Rockstar North, Rockstar Toronto",70,1999,44,598,30691,"5,000,000 .. 10,000,000",144493,599,Rockstar Games,,0
1599340,Lost Ark,2735,6402,17355,Smilegate RPG,0,0,2672,729,58540,"50,000,000 .. 100,000,000",143481,0,Amazon Games,,0
70,Half-Life,107,538,634,Valve,80,999,104,128,5135,"10,000,000 .. 20,000,000",143086,199,Valve,,0
1172380,STAR WARS Jedi: Fallen Order,328,977,1354,Respawn Entertainment,75,3999,208,728,18094,"2,000,000 .. 5,000,000",140485,999,Electronic Arts,,0
552520,Far Cry 5,473,2164,1297,"Ubisoft Montreal, Red Storm, Ubisoft Shanghai, Ubisoft Toronto, Ubisoft Kiev",85,5999,362,1479,33100,"2,000,000 .. 5,000,000",140377,899,Ubisoft,,0
601150,Devil May Cry 5,182,1006,2248,"CAPCOM Co., Ltd.",75,2999,75,495,5873,"5,000,000 .. 10,000,000",140260,749,"CAPCOM Co., Ltd.",,0
244210,Assetto Corsa,272,2726,8961,Kunos Simulazioni,75,1999,96,269,11153,"5,000,000 .. 10,000,000",140238,499,Kunos Simulazioni,,0
1782210,Crab Game,8031,2176,2921,Dani,0,0,6713,75,12895,"5,000,000 .. 10,000,000",139538,0,Dani,,0
1517290,Battlefield 2042,232,2752,2774,DICE,95,5999,78,970,158588,"10,000,000 .. 20,000,000",139186,299,Electronic Arts,,0
2881650,Content Warning,95,306,722,"Wilnyl, Philip, thePetHen, Skog, Zorro",30,799,103,194,7608,"5,000,000 .. 10,000,000",137483,559,Landfall,,0
262060,Darkest Dungeon,307,2465,3848,Red Hook Studios,85,2499,113,771,12430,"2,000,000 .. 5,000,000",137026,374,Red Hook Studios,,0
3590,Plants vs. Zombies GOTY Edition,73,2335,2656,"PopCap Games, Inc.",0,499,30,710,3351,"2,000,000 .. 5,000,000",136574,499,"PopCap Games, Inc., Electronic Arts",,0
379430,Kingdom Come: Deliverance,443,2716,2520,Warhorse Studios,80,2999,465,1200,25760,"2,000,000 .. 5,000,000",136446,599,"Warhorse Studios, Deep Silver",,0
433340,Slime Rancher,89,1079,858,Monomi Park,75,1999,121,515,2826,"2,000,000 .. 5,000,000",135271,499,Monomi Park,,0
2183900,"Warhammer 40,000: Space Marine 2",219,1943,6851,Saber Interactive,40,5999,137,837,27846,"5,000,000 .. 10,000,000",134739,3599,Focus Entertainment,,0
508440,Totally Accurate Battle Simulator,69,1648,1299,Landfall,66,1999,35,340,2969,"2,000,000 .. 5,000,000",132974,679,Landfall,,0
1057090,Ori and the Will of the Wisps,190,913,697,Moon Studios GmbH,67,2999,274,747,4701,"2,000,000 .. 5,000,000",131989,989,Xbox Game Studios,,0
8870,BioShock Infinite,339,913,301,"Irrational Games, Virtual Programming (Linux)",75,2999,528,563,8712,"2,000,000 .. 5,000,000",131970,749,2K,,0
391220,Rise of the Tomb Raider,87,1177,777,"Crystal Dynamics, Eidos-Montréal, Feral Interactive (Mac), Feral Interactive (Linux), Nixxes",85,2999,32,824,8100,"2,000,000 .. 5,000,000",128080,449,"Crystal Dynamics, Feral Interactive (Mac), Feral Interactive (Linux)",,0
1092790,Inscryption,184,1015,1301,Daniel Mullins Games,60,1999,172,703,4098,"2,000,000 .. 5,000,000",127792,799,Devolver Digital,,0
2246340,Monster Hunter Wilds,209,3950,12494,"CAPCOM Co., Ltd.",20,6999,124,3148,91142,"20,000,000 .. 50,000,000",127273,5599,"CAPCOM Co., Ltd.",,0
306130,The Elder Scrolls Online,575,7406,15987,ZeniMax Online Studios,75,1999,280,1204,28616,"5,000,000 .. 10,000,000",125497,499,Bethesda Softworks,,0
1868140,DAVE THE DIVER,543,1490,3367,MINTROCKET,40,1999,408,954,3909,"5,000,000 .. 10,000,000",125422,1199,MINTROCKET,,0
397540,Borderlands 3,494,2583,3164,Gearbox Software,95,5999,243,1286,23817,"2,000,000 .. 5,000,000",125248,299,2K,,0
457140,Oxygen Not Included,1300,5794,7545,Klei Entertainment,70,2499,365,948,4170,"2,000,000 .. 5,000,000",124220,749,Klei Entertainment,,0
208650,Batman: Arkham Knight,396,1405,1587,Rocksteady Studios,80,1999,236,580,15901,"2,000,000 .. 5,000,000",124147,399,WB Games,,0
1240440,Halo Infinite,522,1153,2275,343 Industries,0,0,67,150,53708,"10,000,000 .. 20,000,000",123333,0,Xbox Game Studios,,0
1289310,Helltaker,0,115,75,vanripper,0,0,0,74,2803,"2,000,000 .. 5,000,000",122115,0,vanripper,,0
524220,NieR:Automata,142,1472,690,"Square Enix, PlatinumGames Inc.",60,3999,115,767,18142,"2,000,000 .. 5,000,000",122027,1599,Square Enix,,0
362890,Black Mesa,159,938,907,Crowbar Collective,90,1999,156,435,6131,"2,000,000 .. 5,000,000",121562,199,Crowbar Collective,,0
238320,Outlast,186,365,215,Red Barrels,50,1499,248,158,4458,"2,000,000 .. 5,000,000",121220,749,Red Barrels,,0
220200,Kerbal Space Program,495,4662,1844,Squad,90,3999,182,528,6078,"2,000,000 .. 5,000,000",121084,399,Private Division,,0
1468810,鬼谷八荒 Tale of Immortal,510,4341,4116,鬼谷工作室,0,1999,266,2221,106084,"2,000,000 .. 5,000,000",121020,1999,"鬼谷工作室, Lightning Games",,0
204360,Castle Crashers,50,563,443,The Behemoth,70,1499,70,252,4865,"5,000,000 .. 10,000,000",120733,449,The Behemoth,,0
671860,BattleBit Remastered,104,1563,568,"SgtOkiDoki, Vilaskis, TheLiquidHorse",0,1499,64,702,22666,"5,000,000 .. 10,000,000",120458,1499,SgtOkiDoki,,0
570940,DARK SOULS: REMASTERED,486,2709,2879,"QLOC, FromSoftware, Inc.",0,3999,265,1762,10147,"2,000,000 .. 5,000,000",119152,3999,"FromSoftware, Inc., Bandai Namco Entertainment",,0
361420,ASTRONEER,331,2260,988,System Era Softworks,67,2999,156,891,10139,"2,000,000 .. 5,000,000",118817,989,System Era Softworks,,0
2694490,Path of Exile 2,747,6504,16727,Grinding Gear Games,0,2999,48,2762,50510,"20,000,000 .. 50,000,000",118511,2999,Grinding Gear Games,,0
504230,Celeste,140,1088,1174,"Maddy Makes Games Inc., Extremely OK Games, Ltd.",75,1999,46,294,3057,"2,000,000 .. 5,000,000",117545,499,Maddy Makes Games Inc.,,0
244850,Space Engineers,480,6183,4201,Keen Software House,50,1999,466,742,15143,"2,000,000 .. 5,000,000",117204,999,Keen Software House,,0
236850,Europa Universalis IV,984,20025,12445,"Paradox Development Studio, Paradox Tinto",90,4999,637,1799,18004,"5,000,000 .. 10,000,000",116432,499,Paradox Interactive,,0
444200,World of Tanks Blitz,334,6013,5707,Wargaming Group Limited,0,0,412,196,31754,"10,000,000 .. 20,000,000",116407,0,Wargaming Group Limited,,0
594570,Total War: WARHAMMER II,226,11618,1464,"CREATIVE ASSEMBLY, Feral Interactive (Mac), Feral Interactive (Linux)",75,5999,339,2919,9476,"5,000,000 .. 10,000,000",114776,1499,"SEGA, Feral Interactive (Mac), Feral Interactive (Linux)",,0
674940,Stick Fight: The Game,32,497,265,Landfall West,60,499,33,202,7938,"2,000,000 .. 5,000,000",114720,199,Landfall,,0
222880,Insurgency,40,1159,154,New World Interactive,75,1499,69,265,10301,"2,000,000 .. 5,000,000",114570,374,New World Interactive,,0
323190,Frostpunk,654,1287,1699,11 bit studios,85,2999,543,599,9231,"2,000,000 .. 5,000,000",114315,449,11 bit studios,,0
1158310,Crusader Kings III,626,7789,14302,Paradox Development Studio,70,4999,342,2115,12650,"2,000,000 .. 5,000,000",114259,1499,Paradox Interactive,,0
1196590,Resident Evil Village,346,1230,1284,"CAPCOM Co., Ltd.",75,3999,320,883,5219,"2,000,000 .. 5,000,000",114131,999,"CAPCOM Co., Ltd.",,0
433850,Z1 Battle Royale,11,3087,1010,Daybreak Game Company,0,0,11,129,90284,"10,000,000 .. 20,000,000",113729,0,Daybreak Game Company,,0
552500,Warhammer: Vermintide 2,1309,3173,2124,Fatshark,80,2999,210,484,20234,"2,000,000 .. 5,000,000",113489,599,Fatshark,,0
686810,Hell Let Loose,248,4107,3380,Team17,50,4999,138,801,24230,"2,000,000 .. 5,000,000",113447,2499,Team17,,0
552990,World of Warships,143,3380,8518,Wargaming Group Limited,0,0,30,256,33665,"20,000,000 .. 50,000,000",112887,0,Wargaming Group Limited,,0
223470,POSTAL 2,77,468,320,Running With Scissors,90,999,125,186,3644,"5,000,000 .. 10,000,000",112414,99,Running With Scissors,,0
1222680,Need for Speed Heat,179,1120,1385,Ghost Games,90,6999,38,384,21373,"2,000,000 .. 5,000,000",111482,699,Electronic Arts,,0
232090,Killing Floor 2,104,4416,4508,Tripwire Interactive,90,2999,72,562,15541,"2,000,000 .. 5,000,000",111325,299,Tripwire Interactive,,0
1151640,Horizon Zero Dawn Complete Edition,366,1699,700,Guerrilla,0,4999,454,886,15148,"1,000,000 .. 2,000,000",110049,4999,PlayStation Publishing LLC,,0
412020,Metro Exodus,220,1122,702,4A Games,80,2999,340,632,12370,"2,000,000 .. 5,000,000",108945,599,Deep Silver,,0
2527500,MiSide,101,512,631,AIHASTO,10,1499,197,320,2204,"1,000,000 .. 2,000,000",108883,1349,"IndieArk, Shochiku (Japan)",,0
1677740,Stumble Guys,116,462,2928,Scopely,0,0,36,94,19170,"5,000,000 .. 10,000,000",108841,0,Scopely,,0
581320,Insurgency: Sandstorm,157,2699,1826,New World Interactive,67,2999,133,806,19061,"2,000,000 .. 5,000,000",107857,989,Focus Entertainment,,0
1817070,Marvel’s Spider-Man Remastered,225,1782,1190,"Insomniac Games, Nixxes Software",50,5999,175,1416,4606,"2,000,000 .. 5,000,000",107786,2999,PlayStation Publishing LLC,,0
774171,Muse Dash,52,706,672,peropero,82,299,21,184,11938,"2,000,000 .. 5,000,000",107491,53,hasuhasu,,0
1903340,Clair Obscur: Expedition 33,676,2146,27880,Sandfall Interactive,10,4999,367,1793,4816,"2,000,000 .. 5,000,000",106216,4499,Kepler Interactive,,0
1604030,V Rising,939,3179,10961,Stunlock Studios,50,3499,533,1418,13243,"5,000,000 .. 10,000,000",106197,1749,Stunlock Studios,,0
219740,Don't Starve,276,1551,1472,Klei Entertainment,75,999,180,279,3698,"2,000,000 .. 5,000,000",106118,249,Klei Entertainment,,0
1167630,Teardown,222,1684,1984,Tuxedo Labs,50,2999,107,451,4809,"2,000,000 .. 5,000,000",104653,1499,Tuxedo Labs,,0
387990,Scrap Mechanic,165,2861,909,Axolot Games,33,1999,60,698,8771,"2,000,000 .. 5,000,000",104512,1339,Axolot Games,,0
424840,Little Nightmares,108,221,222,Tarsier Studios,0,1999,106,91,5724,"5,000,000 .. 10,000,000",104472,1999,BANDAI NAMCO Entertainment,,0
304390,FOR HONOR,490,2802,2146,"Ubisoft Montreal, Ubisoft Quebec, Ubisoft Toronto, Blue Byte",85,2999,338,643,45788,"5,000,000 .. 10,000,000",104468,449,Ubisoft,,0
632470,Disco Elysium - The Final Cut,160,889,918,ZA/UM,90,3999,146,371,7702,"2,000,000 .. 5,000,000",104010,399,ZA/UM,,0
219150,Hotline Miami,101,356,404,Dennaton Games,80,999,109,237,3058,"2,000,000 .. 5,000,000",103599,199,Devolver Digital,,0
225540,Just Cause 3,466,1260,639,Avalanche Studios,85,1999,685,430,19629,"5,000,000 .. 10,000,000",102532,299,Square Enix,,0
677620,Splitgate: Arena Warfare,4,500,185,1047 Games,0,0,4,199,9404,"5,000,000 .. 10,000,000",102336,0,1047 Games,,0
220240,Far Cry 3,193,1352,488,"Ubisoft Montreal, Massive Entertainment, and Ubisoft Shanghai",75,1999,67,771,12105,"2,000,000 .. 5,000,000",101914,499,Ubisoft,,0
305620,The Long Dark,402,1620,2575,Hinterland Studio Inc.,50,1999,375,334,10729,"2,000,000 .. 5,000,000",101846,999,Hinterland Studio Inc.,,0
286690,Metro 2033 Redux,136,534,1208,4A Games,85,1999,81,334,9424,"5,000,000 .. 10,000,000",101543,299,Deep Silver,,0
1687950,Persona 5 Royal,532,3817,4994,ATLUS,60,5999,272,2113,3487,"2,000,000 .. 5,000,000",99657,2399,SEGA,,0
1313140,Cult of the Lamb,355,1161,1535,Massive Monster,50,2499,145,819,4517,"2,000,000 .. 5,000,000",98711,1249,Devolver Digital,,0
335300,DARK SOULS II: Scholar of the First Sin,324,3732,1612,"FromSoftware, Inc.",0,3999,266,2320,18658,"2,000,000 .. 5,000,000",98052,3999,"Bandai Namco Entertainment, FromSoftware, Inc.",,0
582160,Assassin's Creed Origins,844,2332,1604,Ubisoft Montreal,85,5999,1411,1412,16195,"1,000,000 .. 2,000,000",97301,899,Ubisoft,,0
1506830,FIFA 22,133,11894,1319,EA Canada &amp; EA Romania,0,0,192,6087,23578,"2,000,000 .. 5,000,000",97293,0,Electronic Arts,,0
221380,Age of Empires II (Retired),156,2334,2278,"Skybox Labs, Hidden Path Entertainment, Ensemble Studios, Forgotten Empires",0,1999,167,600,4268,"5,000,000 .. 10,000,000",97083,1999,Xbox Game Studios,,0
227940,Heroes & Generals,0,1192,0,TLM Partners,0,0,0,76,46264,"10,000,000 .. 20,000,000",96499,0,TLM Partners,,0
1771300,Kingdom Come: Deliverance II,819,3989,7073,Warhorse Studios,20,5999,485,3245,6058,"2,000,000 .. 5,000,000",96279,4799,Deep Silver,,0
1259420,Days Gone,510,1800,1600,Bend Studio,50,3999,614,1062,7446,"2,000,000 .. 5,000,000",95697,1999,PlayStation Publishing LLC,,0
546560,Half-Life: Alyx,176,648,202,Valve,70,5999,165,362,1674,"2,000,000 .. 5,000,000",95555,1799,Valve,,0
356190,Middle-earth: Shadow of War,270,1838,1405,Monolith Productions,90,4999,275,1083,12165,"2,000,000 .. 5,000,000",95053,499,WB Games,,0
1942280,Brotato,242,2422,6389,Blobfish,40,499,113,902,3276,"2,000,000 .. 5,000,000",94525,299,Blobfish,,0
282070,This War of Mine,252,937,756,11 bit studios,90,1999,151,298,7256,"2,000,000 .. 5,000,000",94484,199,11 bit studios,,0
386360,SMITE,260,5563,1853,Titan Forge Games,0,0,196,262,25428,"10,000,000 .. 20,000,000",94368,0,Hi-Rez Studios,,0
1716740,Starfield,1025,4148,3725,Bethesda Game Studios,40,6999,1078,2549,71585,"2,000,000 .. 5,000,000",93942,4199,Bethesda Softworks,,0
233860,Kenshi,497,4550,5412,Lo-Fi Games,60,2999,142,882,4423,"2,000,000 .. 5,000,000",93712,1199,Lo-Fi Games,,0
976310,Mortal Kombat 11,166,1298,1026,"NetherRealm Studios, QLOC, Shiver",90,4999,110,475,12646,"2,000,000 .. 5,000,000",93635,499,"Warner Bros. Games, Warner Bros. Interactive Entertainment",,0
219990,Grim Dawn,748,4369,2376,Crate Entertainment,80,2499,1111,997,6241,"10,000,000 .. 20,000,000",93489,499,Crate Entertainment,,0
1943950,Escape the Backrooms,83,534,1756,Fancy Games,20,999,124,409,9199,"2,000,000 .. 5,000,000",93330,799,Fancy Games,,0
418370,Resident Evil 7 Biohazard,416,933,792,"CAPCOM Co., Ltd.",60,1999,478,543,4632,"2,000,000 .. 5,000,000",93214,799,"CAPCOM Co., Ltd.",,0
1217060,Gunfire Reborn,161,3082,1428,Duoyi Games,35,1999,96,1452,6517,"2,000,000 .. 5,000,000",92655,1299,Duoyi Games,,0
1446780,MONSTER HUNTER RISE,613,5860,3658,"CAPCOM Co., Ltd.",75,3999,293,3102,20108,"5,000,000 .. 10,000,000",92564,999,"CAPCOM Co., Ltd.",,0
2835570,Buckshot Roulette,110,189,793,Mike Klubnika,40,299,49,122,3796,"2,000,000 .. 5,000,000",91745,179,CRITICAL REFLEX,,0
287700,METAL GEAR SOLID V: THE PHANTOM PAIN,408,2892,1333,KONAMI,0,1999,363,1249,8247,"2,000,000 .. 5,000,000",91675,1999,KONAMI,,0
1643320,S.T.A.L.K.E.R. 2: Heart of Chornobyl,340,2420,2403,GSC Game World,30,5999,228,1381,22072,"2,000,000 .. 5,000,000",91274,4199,"GSC Game World (worldwide), SEGA (Japan), 4Divinity & Cube Game (China and South East Asia)",,0
1818750,MultiVersus,6,648,55,Player First Games,0,0,6,173,27894,"5,000,000 .. 10,000,000",90318,0,Warner Bros. Games,,0
629760,MORDHAU,356,3019,764,Triternion,80,2999,492,866,22098,"2,000,000 .. 5,000,000",90102,599,Triternion,,0
613100,House Flipper,227,1426,1311,Empyrean,90,2499,198,679,5548,"2,000,000 .. 5,000,000",89596,249,"Frozen District, PlayWay S.A.",,0
1151340,Fallout 76,610,5701,8796,Bethesda Game Studios,75,3999,334,807,33215,"2,000,000 .. 5,000,000",89334,999,Bethesda Softworks,,0
899770,Last Epoch,590,5476,5831,Eleventh Hour Games,20,3499,735,2854,22596,"20,000,000 .. 50,000,000",88027,2799,Eleventh Hour Games,,0
848450,Subnautica: Below Zero,274,1641,698,Unknown Worlds Entertainment,50,2999,502,1103,9053,"2,000,000 .. 5,000,000",87607,1499,Unknown Worlds Entertainment,,0
1142710,Total War: WARHAMMER III,956,10171,16842,"CREATIVE ASSEMBLY, Feral Interactive",66,5999,459,3692,32717,"2,000,000 .. 5,000,000",87141,2039,"SEGA, Feral Interactive",,0
231430,Company of Heroes 2,602,2476,2330,"Relic Entertainment, Feral Interactive (Mac), Feral Interactive (Linux)",0,1999,432,288,23112,"5,000,000 .. 10,000,000",86713,1999,"Relic Entertainment, Feral Interactive (Mac), Feral Interactive (Linux)",,0
301520,Robocraft,1,1295,3,Freejam,0,0,1,197,31815,"5,000,000 .. 10,000,000",86240,0,Freejam,,0
1811260,EA SPORTS FIFA 23,253,10981,1280,EA Canada &amp; EA Romania,0,0,282,5855,65227,"5,000,000 .. 10,000,000",86192,0,Electronic Arts,,0
268500,XCOM 2,802,4096,3123,"Firaxis Games, Feral Interactive (Mac), Feral Interactive (Linux)",95,5999,929,1366,15514,"5,000,000 .. 10,000,000",86187,299,"2K, Feral Interactive (Mac), Feral Interactive (Linux)",,0
629520,Soundpad,604,15726,15279,Leppsoft,20,499,124,2820,3466,"2,000,000 .. 5,000,000",84918,399,Leppsoft,,0
440900,Conan Exiles,1436,7553,5677,Funcom,75,3999,1361,1410,22890,"5,000,000 .. 10,000,000",84575,999,Funcom,,0
1721470,Poppy Playtime,1217,1293,588,Mob Entertainment,0,0,38,58,14801,"5,000,000 .. 10,000,000",84113,0,Mob Entertainment,,0
241930,Middle-earth: Shadow of Mordor,162,1122,441,Monolith Productions,80,1999,211,708,6866,"5,000,000 .. 10,000,000",83849,399,"Warner Bros. Interactive Entertainment, Warner Bros. Games",,0
513710,SCUM,1100,6264,8535,Gamepires,0,4499,597,828,28411,"5,000,000 .. 10,000,000",83704,4499,Gamepires,,0
1366540,Dyson Sphere Program,629,4958,2703,Youthcat Studio,20,1999,953,1221,1993,"2,000,000 .. 5,000,000",83095,1599,Gamirror Games,,0
383870,Firewatch,47,264,81,Campo Santo,80,1999,60,225,8661,"2,000,000 .. 5,000,000",81777,399,"Panic, Campo Santo",,0
311690,Enter the Gungeon,76,1674,1165,Dodge Roll,70,1499,51,389,3893,"2,000,000 .. 5,000,000",81669,449,Devolver Digital,,0
753640,Outer Wilds,440,784,928,Mobius Digital,40,2499,565,280,3655,"1,000,000 .. 2,000,000",80833,1499,Annapurna Interactive,,0
349040,NARUTO SHIPPUDEN: Ultimate Ninja STORM 4,50,861,384,CyberConnect2 Co. Ltd.,50,1999,46,457,7987,"2,000,000 .. 5,000,000",80515,999,BANDAI NAMCO Entertainment,,0
205100,Dishonored,323,977,288,Arkane Studios,75,999,342,542,1943,"2,000,000 .. 5,000,000",80427,249,Bethesda Softworks,,0
644560,Mirror,75,1488,106,KAGAMI WORKS,60,199,95,318,2554,"2,000,000 .. 5,000,000",80419,79,Paradise Project,,0
683320,GRIS,138,209,67,Nomada Studio,90,1499,232,162,3044,"2,000,000 .. 5,000,000",80404,149,Devolver Digital,,0
1361210,"Warhammer 40,000: Darktide",903,6640,7267,Fatshark,60,3999,534,1697,32692,"2,000,000 .. 5,000,000",80268,1599,Fatshark,,0
703080,Planet Zoo,275,1988,2497,Frontier Developments,70,4499,181,511,7820,"2,000,000 .. 5,000,000",80029,1349,Frontier Developments,,0
235460,METAL GEAR RISING: REVENGEANCE,232,735,242,PlatinumGames,0,2999,274,447,3300,"2,000,000 .. 5,000,000",79993,2999,KONAMI,,0
1030840,Mafia: Definitive Edition,153,722,686,Hangar 13,85,3999,183,599,12107,"1,000,000 .. 2,000,000",79686,599,2K,,0
2001120,Split Fiction,190,779,5476,Hazelight Studios,0,4999,146,799,2012,"2,000,000 .. 5,000,000",79546,4999,Electronic Arts,,0
635260,CarX Drift Racing Online,115,3562,1658,"CarX Technologies, LLC",50,1499,52,942,3912,"2,000,000 .. 5,000,000",79504,749,"CarX Technologies, LLC",,0
1248130,Farming Simulator 22,152,12388,5419,Giants Software,40,2999,99,2704,6402,"2,000,000 .. 5,000,000",78110,1799,Giants Software,,0
1150690,OMORI,481,1239,506,"OMOCAT, LLC",40,1999,805,800,2214,"1,000,000 .. 2,000,000",78023,1199,"OMOCAT, LLC",,0
20920,The Witcher 2: Assassins of Kings Enhanced Edition,374,944,479,CD PROJEKT RED,85,1999,361,317,9114,"2,000,000 .. 5,000,000",77950,299,"CD PROJEKT RED, 1C-SoftClub",,0
359320,Elite Dangerous,741,6481,4845,Frontier Developments,0,1999,1299,1072,22636,"2,000,000 .. 5,000,000",77388,1999,Frontier Developments,,0
206440,To the Moon,197,231,86,Freebird Games,80,999,294,205,3015,"2,000,000 .. 5,000,000",77246,199,"Freebird Games, Serenity Forge",,0
389730,TEKKEN 7,326,3454,599,BANDAI NAMCO Studios Inc.,75,3999,372,528,15580,"2,000,000 .. 5,000,000",77227,999,BANDAI NAMCO Entertainment,,0
1454400,Cookie Clicker,1342,17035,9583,"Orteil, DashNet",50,499,480,4475,2674,"2,000,000 .. 5,000,000",77218,249,Playsaurus,,0
460930,Tom Clancy's Ghost Recon Wildlands,116,2505,1441,"Ubisoft Paris, Ubisoft Annecy, Ubisoft Bucharest, Ubisoft Montpellier, Ubisoft Milan, Reflections, Ubisoft Belgrade",80,4999,133,1289,19439,"2,000,000 .. 5,000,000",77138,999,Ubisoft,,0
254700,Resident Evil 4 (2005),261,1051,673,Capcom,75,1999,68,382,5431,"2,000,000 .. 5,000,000",77003,499,Capcom,,0
823130,Totally Accurate Battlegrounds,29,296,121,Landfall,0,0,51,59,10093,"2,000,000 .. 5,000,000",76919,0,Landfall,,0
234140,Mad Max,360,1584,563,Avalanche Studios,85,1999,497,775,6430,"2,000,000 .. 5,000,000",76230,299,"Warner Bros. Games, Warner Bros. Interactive Entertainment",,0
12120,Grand Theft Auto: San Andreas,651,1627,363,Rockstar Games,0,0,243,196,6573,"2,000,000 .. 5,000,000",76056,0,Rockstar Games,,0
1113000,Persona 4 Golden,373,2692,962,ATLUS,50,1999,291,1067,2338,"1,000,000 .. 2,000,000",76008,999,SEGA,,0
962130,Grounded,494,2290,2394,Obsidian Entertainment,50,3999,244,816,9035,"2,000,000 .. 5,000,000",75482,1999,Xbox Game Studios,,0
1274570,DEVOUR,90,441,447,Straight Back Games,40,999,177,224,7457,"2,000,000 .. 5,000,000",75057,599,Straight Back Games,,0
779340,Total War: THREE KINGDOMS,507,5972,4507,"CREATIVE ASSEMBLY, Feral Interactive (Mac), Feral Interactive (Linux)",75,5999,147,2227,28794,"5,000,000 .. 10,000,000",74951,1499,"SEGA, Feral Interactive (Mac), Feral Interactive (Linux)",,0
881100,Noita,269,1806,2019,Nolla Games,60,1999,155,304,3718,"2,000,000 .. 5,000,000",74759,799,Nolla Games,,0
1046930,Dota Underlords,293,2818,1008,Valve,0,0,154,293,16141,"5,000,000 .. 10,000,000",74753,0,Valve,,0
952060,Resident Evil 3,209,836,362,"CAPCOM Co., Ltd.",0,3999,277,466,16699,"2,000,000 .. 5,000,000",74536,3999,"CAPCOM Co., Ltd.",,0
755790,Ring of Elysium,0,968,0,Aurora Studio,0,0,0,102,25492,"10,000,000 .. 20,000,000",74345,0,TCH Scarlet Limited,,0
304050,Trove,519,2830,758,gamigo US Inc.,0,0,749,215,18267,"10,000,000 .. 20,000,000",74103,0,gamigo US Inc.,,0
466240,Deceit,49,613,155,World Makers,0,0,49,95,19421,"5,000,000 .. 10,000,000",73606,0,World Makers,,0
20900,The Witcher: Enhanced Edition Director's Cut,342,947,616,CD PROJEKT RED,85,999,526,183,9135,"2,000,000 .. 5,000,000",73569,149,"CD PROJEKT RED, 1C-SoftClub",,0
214950,Total War: ROME II - Emperor Edition,622,7331,3901,"CREATIVE ASSEMBLY, Feral Interactive",75,5999,787,2217,14614,"2,000,000 .. 5,000,000",73559,1499,"SEGA, Feral Interactive",,0
646910,The Crew 2,302,1575,873,Ivory Tower,70,2999,137,228,21141,"2,000,000 .. 5,000,000",72724,899,Ubisoft,,0
1222700,A Way Out,116,424,262,Hazelight Studios,80,2999,153,343,10149,"2,000,000 .. 5,000,000",72313,599,Electronic Arts,,0
239030,"Papers, Please",101,411,416,Lucas Pope,50,999,145,237,2019,"2,000,000 .. 5,000,000",72168,499,3909,,0
207610,The Walking Dead,44,720,614,Telltale Games,90,1499,44,440,1995,"2,000,000 .. 5,000,000",71633,149,Skybound Games,,0
212680,FTL: Faster Than Light,211,1811,1566,Subset Games,70,999,161,653,3491,"2,000,000 .. 5,000,000",71561,299,Subset Games,,0
620980,Beat Saber,134,1940,423,Beat Games,0,2999,108,640,3271,"2,000,000 .. 5,000,000",71341,2999,Beat Games,,0
636480,Ravenfield,287,2692,617,SteelRaven7,40,1799,422,996,2264,"1,000,000 .. 2,000,000",71341,1079,SteelRaven7,,0
35140,Batman: Arkham Asylum Game of the Year Edition,219,605,601,Rocksteady Studios,0,1999,242,382,2711,"2,000,000 .. 5,000,000",70940,1999,WB Games,,0
602960,Barotrauma,398,2434,2371,"FakeFish, Undertow Games",50,3499,221,524,4640,"2,000,000 .. 5,000,000",70694,1749,Daedalic Entertainment,,0
787860,Farming Simulator 19,656,10253,983,Giants Software,0,1799,656,2124,4172,"2,000,000 .. 5,000,000",70448,1799,Giants Software,,0
1888160,ARMORED CORE VI FIRES OF RUBICON,95,1683,1011,"FromSoftware, Inc.",0,5999,125,1079,6617,"2,000,000 .. 5,000,000",70425,5999,"FromSoftware, Inc., Bandai Namco Entertainment Inc.",,0
638970,Yakuza 0,246,2223,550,Ryu Ga Gotoku Studio,0,1999,201,899,3189,"1,000,000 .. 2,000,000",70292,1999,SEGA,,0
39210,FINAL FANTASY XIV Online,2867,48140,19824,Square Enix,0,1999,1201,4652,9782,"2,000,000 .. 5,000,000",70254,1999,Square Enix,,0
365670,Blender,631,4051,9640,Blender Foundation,0,0,134,144,2695,"5,000,000 .. 10,000,000",70186,0,Blender Foundation,,0
460950,Katana ZERO,50,420,82,Askiisoft,40,1499,50,290,1397,"2,000,000 .. 5,000,000",69672,899,Devolver Digital,,0
238460,BattleBlock Theater,33,496,78,The Behemoth,70,1499,38,271,1997,"2,000,000 .. 5,000,000",69617,449,The Behemoth,,0
1466860,Age of Empires IV: Anniversary Edition,776,3802,7084,"World's Edge, Relic Entertainment, Forgotten Empires, Climax Studios",60,3999,386,1130,11311,"2,000,000 .. 5,000,000",69559,1599,Xbox Game Studios,,0
815370,Green Hell,314,1098,1656,Creepy Jar,75,2499,437,570,11300,"2,000,000 .. 5,000,000",69304,624,Creepy Jar,,0
977950,A Dance of Fire and Ice,78,1017,1870,7th Beat Games,20,599,41,342,4419,"2,000,000 .. 5,000,000",69052,479,"7th Beat Games, indienova",,0
447040,Watch_Dogs 2,325,1424,863,Ubisoft,0,4999,198,723,14166,"2,000,000 .. 5,000,000",68213,4999,Ubisoft,,0
863550,HITMAN 2,57,1198,187,IO Interactive A/S,0,0,84,249,6778,"5,000,000 .. 10,000,000",68165,0,IO Interactive A/S,,0
206420,Saints Row IV: Re-Elected,40,1198,117,Deep Silver Volition,75,1999,40,714,9376,"5,000,000 .. 10,000,000",67768,499,Deep Silver,,0
1203620,Enshrouded,394,2026,10654,Keen Games GmbH,20,2999,383,1054,10594,"2,000,000 .. 5,000,000",67486,2399,Keen Games GmbH,,0
224260,No More Room in Hell,296,618,473,No More Room in Hell Team,0,0,275,83,7500,"5,000,000 .. 10,000,000",66753,0,Lever Games,,0
286160,Tabletop Simulator,272,2861,5021,Berserk Games,50,1999,162,545,3925,"2,000,000 .. 5,000,000",66735,999,Berserk Games,,0
750920,Shadow of the Tomb Raider: Definitive Edition,177,1315,582,"Eidos-Montréal, Crystal Dynamics, Nixxes, Feral Interactive (Mac), Feral interactive (Linux)",0,0,66,870,12759,"2,000,000 .. 5,000,000",66684,0,"Crystal Dynamics, Feral Interactive (Mac), Feral interactive (Linux)",,0
213670,South Park: The Stick of Truth,50,907,274,Obsidian Entertainment,75,2999,91,722,1669,"2,000,000 .. 5,000,000",66636,749,Ubisoft,,0
203770,Crusader Kings II,368,3511,1373,Paradox Development Studio,0,0,369,213,7450,"2,000,000 .. 5,000,000",66359,0,Paradox Interactive,,0
414340,Hellblade: Senua's Sacrifice,38,336,73,Ninja Theory,0,2999,38,205,7260,"2,000,000 .. 5,000,000",66212,2999,Ninja Theory,,0
728880,Overcooked! 2,177,607,2107,"Ghost Town Games Ltd., Team17",75,2499,77,332,6809,"2,000,000 .. 5,000,000",65992,624,Team17,,0
678950,DRAGON BALL FighterZ,338,2913,511,Arc System Works,84,5999,40,519,6998,"2,000,000 .. 5,000,000",65978,959,Bandai Namco Entertainment,,0
304430,INSIDE,10,276,129,Playdead,90,1999,10,242,2092,"2,000,000 .. 5,000,000",65954,199,Playdead,,0
200260,Batman: Arkham City - Game of the Year Edition,2064,927,655,Rocksteady Studios,80,1999,2064,498,2689,"2,000,000 .. 5,000,000",65947,399,WB Games,,0
223710,Cry of Fear,113,294,405,Team Psykskallar,0,0,195,51,8556,"5,000,000 .. 10,000,000",65852,0,Team Psykskallar,,0
588430,Fallout Shelter,389,774,1001,Bethesda Game Studios,0,0,395,130,8601,"2,000,000 .. 5,000,000",65847,0,Bethesda Softworks,,0
365590,Tom Clancy’s The Division,722,3765,774,Massive Entertainment,80,2999,1168,1527,27546,"5,000,000 .. 10,000,000",65652,599,Ubisoft,,0
55230,Saints Row: The Third,81,1515,163,Volition,65,999,108,784,2956,"2,000,000 .. 5,000,000",65644,349,Deep Silver,,0
2231450,Pizza Tower,82,1755,367,Tour De Pizza,33,1999,104,259,1094,"1,000,000 .. 2,000,000",65599,1339,Tour De Pizza,,0
761890,Albion Online,1726,5298,8184,Sandbox Interactive GmbH,0,0,1066,191,17491,"2,000,000 .. 5,000,000",65583,0,Sandbox Interactive GmbH,,0
2054970,Dragon's Dogma 2,233,2453,768,"CAPCOM Co., Ltd.",58,6999,445,1928,41785,"2,000,000 .. 5,000,000",65154,2939,"CAPCOM Co., Ltd.",,0
1533390,Gorilla Tag,52,483,852,Another Axiom Inc.,0,1999,52,26,6197,"1,000,000 .. 2,000,000",64966,1999,Another Axiom Inc.,,0
307690,Sleeping Dogs: Definitive Edition,387,853,524,"United Front Games, Feral Interactive (Mac)",85,1999,251,422,4385,"2,000,000 .. 5,000,000",64644,299,"Square Enix, Feral Interactive (Mac)",,0
3146520,WEBFISHING,124,930,686,lamedeveloper,0,499,169,583,1337,"1,000,000 .. 2,000,000",64473,499,lamedeveloper,,0
233450,Prison Architect,551,1774,781,"Introversion Software, Double Eleven",75,2999,780,589,7891,"5,000,000 .. 10,000,000",64439,749,Paradox Interactive,,0
582660,Black Desert,3146,8633,14345,Pearl Abyss,0,999,3846,269,22503,"5,000,000 .. 10,000,000",64416,999,Pearl Abyss,,0
493340,Planet Coaster,157,1244,687,"Frontier Developments, Aspyr (Mac)",75,4499,210,271,6147,"2,000,000 .. 5,000,000",64131,1124,"Frontier Developments, Aspyr (Mac)",,0
2670630,Supermarket Simulator,260,1498,2464,Nokta Games,25,1999,134,683,4237,"2,000,000 .. 5,000,000",64104,1499,Nokta Games,,0
1250,Killing Floor,44,1937,224,Tripwire Interactive,0,1999,60,259,3448,"2,000,000 .. 5,000,000",64024,1999,Tripwire Interactive,,0
2709570,Supermarket Together,345,418,4704,DeadDevsTellNoLies,0,0,132,169,3441,"2,000,000 .. 5,000,000",63994,0,DeadDevsTellNoLies,,0
387290,Ori and the Blind Forest: Definitive Edition,44,544,196,Moon Studios GmbH,80,1999,54,357,3191,"2,000,000 .. 5,000,000",63788,399,Xbox Game Studios,,0
471710,Rec Room,39,922,1510,Rec Room,0,0,41,121,7467,"2,000,000 .. 5,000,000",63756,0,Rec Room,,0
287390,Metro: Last Light Redux,424,734,320,4A Games,85,1999,526,507,6562,"2,000,000 .. 5,000,000",63534,299,Deep Silver,,0
240720,Getting Over It with Bennett Foddy,72,428,192,Bennett Foddy,80,799,106,127,13524,"2,000,000 .. 5,000,000",63479,159,Bennett Foddy,,0
2195250,EA SPORTS FC 24,260,9316,5110,"EA Canada, EA Romania",0,6999,207,3804,46293,"5,000,000 .. 10,000,000",63281,6999,Electronic Arts,,0
242050,Assassin’s Creed IV Black Flag,316,1943,923,Ubisoft Montreal,70,3999,471,1058,8129,"5,000,000 .. 10,000,000",62942,1199,Ubisoft,,0
274170,Hotline Miami 2: Wrong Number,13,670,437,Dennaton Games,85,1499,20,323,3893,"2,000,000 .. 5,000,000",62741,224,Devolver Digital,,0
1304930,The Outlast Trials,172,1421,3743,Red Barrels,60,3999,146,519,4423,"2,000,000 .. 5,000,000",62533,1599,Red Barrels,,0
1237950,STAR WARS Battlefront II,295,1131,9213,DICE,90,3999,172,428,8866,"2,000,000 .. 5,000,000",62342,399,Electronic Arts,,0
265930,Goat Simulator,52,417,71,Coffee Stain Studios,80,999,79,137,6331,"2,000,000 .. 5,000,000",62249,199,Coffee Stain Publishing,,0
1363080,Manor Lords,110,919,1977,Slavic Magic,35,3999,74,559,9896,"2,000,000 .. 5,000,000",62224,2599,Hooded Horse,,0
438740,Friday the 13th: The Game,210,881,19,IllFonic,0,0,361,207,15444,"2,000,000 .. 5,000,000",62069,0,Gun Media,,0
550650,Black Squad,127,1734,212,"VALOFE, NS STUDIO",0,0,247,67,19672,"10,000,000 .. 20,000,000",62042,0,VALOFE,,0
17390,SPORE,826,1071,599,Maxis™,75,1999,837,388,4996,"2,000,000 .. 5,000,000",61124,499,Electronic Arts,,0
2215430,Ghost of Tsushima DIRECTOR'S CUT,335,2243,2025,"Sucker Punch Productions, Nixxes Software",33,5999,222,1758,4029,"2,000,000 .. 5,000,000",61086,4019,PlayStation Publishing LLC,,0
1286830,STAR WARS: The Old Republic,449,3053,6625,Broadsword,0,0,241,230,7088,"5,000,000 .. 10,000,000",60864,0,Electronic Arts,,0
1145350,Hades II,418,1679,1838,Supergiant Games,10,2999,183,1032,3288,"2,000,000 .. 5,000,000",60844,2699,Supergiant Games,,0
1238860,Battlefield 4,243,1426,1153,DICE,95,3999,154,479,10498,"1,000,000 .. 2,000,000",60650,199,Electronic Arts,,0
500,Left 4 Dead,60,1107,774,Valve,80,999,39,153,2272,"5,000,000 .. 10,000,000",59622,199,Valve,,0
218230,PlanetSide 2,243,2250,496,Rogue Planet Games,0,0,243,134,14096,"5,000,000 .. 10,000,000",59598,0,Daybreak Game Company,,0
431240,Golf With Your Friends,539,1428,979,"Blacklight Interactive, Team17",70,1499,66,370,7975,"2,000,000 .. 5,000,000",59105,449,Team17,,0
752590,A Plague Tale: Innocence,178,619,145,Asobo Studio,80,3999,178,568,4133,"1,000,000 .. 2,000,000",58909,799,Focus Entertainment,,0
201270,Total War: SHOGUN 2,0,0,0,"CREATIVE ASSEMBLY, Feral Interactive (Mac), Feral Interactive (Linux)",75,2999,0,0,5437,"2,000,000 .. 5,000,000",58839,749,"SEGA, Feral Interactive (Mac), Feral Interactive (Linux)",,0
1790600,DRAGON BALL: Sparking! ZERO,181,1591,949,"Spike Chunsoft Co., Ltd.",30,6999,97,1088,6959,"2,000,000 .. 5,000,000",58221,4899,Bandai Namco Entertainment,,0
289650,Assassin's Creed Unity,20,1376,373,Ubisoft,75,2999,20,630,16229,"2,000,000 .. 5,000,000",58065,749,Ubisoft,,0
1139900,Ghostrunner,78,427,174,"One More Level, 3D Realms, Slipgate Ironworks™, All in! Games",75,2999,89,263,5436,"2,000,000 .. 5,000,000",57713,749,505 Games,,0
113200,The Binding of Isaac,367,1492,213,"Edmund McMillen, Florian Himsl",69,499,687,289,3080,"1,000,000 .. 2,000,000",57299,154,Edmund McMillen,,0
274190,Broforce,33,659,283,Free Lives,0,1499,46,324,1800,"2,000,000 .. 5,000,000",57080,1499,Devolver Digital,,0
380600,Fishing Planet,179,1253,2781,Fishing Planet LLC,0,0,45,59,8695,"5,000,000 .. 10,000,000",57004,0,Fishing Planet LLC,,0
214490,Alien: Isolation,62,861,211,"Creative Assembly, Feral Interactive (Mac), Feral Interactive (Linux)",75,3999,81,289,4115,"2,000,000 .. 5,000,000",56716,999,"SEGA, Feral Interactive (Mac), Feral Interactive (Linux)",,0
403640,Dishonored 2,221,1031,308,Arkane Studios,80,2999,385,586,6627,"2,000,000 .. 5,000,000",56155,599,Bethesda Softworks,,0
747660,Five Nights at Freddy's: Security Breach,137,1107,196,Steel Wool Studios,0,3999,173,823,8779,"1,000,000 .. 2,000,000",56080,3999,ScottGames,,0
466560,Northgard,437,1642,1164,Shiro Games,84,2999,303,443,8851,"2,000,000 .. 5,000,000",55844,479,Shiro Games,,0
629730,Blade and Sorcery,213,1512,657,WarpFrog,20,2999,164,438,1919,"1,000,000 .. 2,000,000",55566,2399,WarpFrog,,0
1404210,Red Dead Online,802,4025,2207,Rockstar Games,50,1999,1486,934,11255,"2,000,000 .. 5,000,000",55526,999,Rockstar Games,,0
871720,Ultimate Custom Night,73,239,200,Scott Cawthon,0,0,80,56,2879,"2,000,000 .. 5,000,000",55394,0,Scott Cawthon,,0
363970,Clicker Heroes,5573,7993,2019,Playsaurus,0,0,8160,412,6315,"5,000,000 .. 10,000,000",54989,0,Playsaurus,,0
291480,Warface: Clutch,56,1123,270,MY.GAMES,0,0,58,109,27643,"20,000,000 .. 50,000,000",54554,0,MY.GAMES,,0
261570,Ori and the Blind Forest,156,579,172,Moon Studios GmbH,0,0,260,354,3262,"2,000,000 .. 5,000,000",54150,0,Xbox Game Studios,,0
10180,Call of Duty: Modern Warfare 2 (2009),5,1072,399,Infinity Ward,0,1999,8,417,3973,"5,000,000 .. 10,000,000",54145,1999,Activision,,0
219640,Chivalry: Medieval Warfare,4,883,32,Torn Banner Studios,80,2499,4,222,11428,"5,000,000 .. 10,000,000",54016,499,Torn Banner Studios,,0
312660,Sniper Elite 4,161,798,541,Rebellion,90,5999,253,387,5232,"2,000,000 .. 5,000,000",53923,599,Rebellion,,0
48000,LIMBO,31,205,82,Playdead,90,999,41,115,4241,"2,000,000 .. 5,000,000",53043,99,Playdead,,0
200510,XCOM: Enemy Unknown,73,2712,590,"Firaxis Games, Feral Interactive (Linux)",80,2999,78,1103,3697,"2,000,000 .. 5,000,000",52717,599,"2K, Feral Interactive (Linux)",,0
246620,Plague Inc: Evolved,184,586,1494,Ndemic Creations,0,1499,79,308,3093,"1,000,000 .. 2,000,000",52571,1499,Ndemic Creations,,0
1384160,GUILTY GEAR -STRIVE-,338,4960,2463,Arc System Works,50,3999,187,1106,7005,"1,000,000 .. 2,000,000",52377,1999,Arc System Works,,0
493520,GTFO,466,1110,307,10 Chambers,60,3999,369,460,9740,"2,000,000 .. 5,000,000",52357,1599,10 Chambers,,0
1284190,The Planet Crafter,677,2383,7330,Miju Games,45,2399,677,1091,2148,"1,000,000 .. 2,000,000",52168,1319,Miju Games,,0
495420,State of Decay 2: Juggernaut Edition,504,1978,1281,Undead Labs,75,2999,303,814,10715,"2,000,000 .. 5,000,000",52001,749,Xbox Game Studios,,0
346900,AdVenture Capitalist,686,3647,1109,Hyper Hippo Games,0,0,1288,227,7198,"5,000,000 .. 10,000,000",51968,0,Hyper Hippo Games,,0
50130,Mafia II (Classic),377,1543,207,2K Czech,0,2999,377,809,3121,"2,000,000 .. 5,000,000",51876,2999,2K,,0
1250410,Microsoft Flight Simulator (2020) 40th Anniversary Edition,651,11851,3245,Asobo Studio,50,5999,748,1942,13872,"2,000,000 .. 5,000,000",51794,2999,Xbox Game Studios,,0
203140,Hitman: Absolution,299,769,618,Io-Interactive A/S,90,1999,348,419,3932,"2,000,000 .. 5,000,000",51769,199,Io-Interactive A/S,,0
1049590,Eternal Return,787,3623,12341,Nimble Neuron,0,0,392,225,13352,"5,000,000 .. 10,000,000",51694,0,"Nimble Neuron, SapStaR Games",,0
201810,Wolfenstein: The New Order,242,1006,417,MachineGames,75,1999,289,691,4778,"2,000,000 .. 5,000,000",51691,499,Bethesda Softworks,,0
298110,Far Cry 4,128,1844,558,"Ubisoft Montreal, Red Storm, Shanghai, Toronto, Kiev",80,2999,147,1032,9649,"2,000,000 .. 5,000,000",51618,599,Ubisoft,,0
1328670,Mass Effect Legendary Edition,1220,2780,2420,BioWare,90,5999,795,713,5033,"1,000,000 .. 2,000,000",51295,599,Electronic Arts,,0
285900,Gang Beasts,68,523,376,"Boneloaf, Rocket Science",60,1999,96,169,9003,"2,000,000 .. 5,000,000",51267,799,Boneloaf,,0
50300,Spec Ops: The Line,18,443,31,YAGER,0,0,18,188,3642,"2,000,000 .. 5,000,000",51267,0,"2K, Missing Link Games",,0
1147560,Skul: The Hero Slayer,364,1986,1205,SOUTHPAW GAMES,50,1999,475,642,3683,"1,000,000 .. 2,000,000",51218,999,NEOWIZ,,0
209000,Batman: Arkham Origins,803,981,616,"WB Games Montreal, Splash Damage",80,1999,1054,593,6071,"2,000,000 .. 5,000,000",51192,399,Warner Bros. Interactive Entertainment,,0
1621690,Core Keeper,717,2009,3688,Pugstorm,30,1999,547,885,3937,"1,000,000 .. 2,000,000",51042,1399,"Fireshine Games, bilibili",,0
851850,DRAGON BALL Z: KAKAROT,457,1756,264,CyberConnect2 Co. Ltd.,75,5999,668,1038,3704,"1,000,000 .. 2,000,000",50976,1499,Bandai Namco Entertainment Inc.,,0
1290000,PowerWash Simulator,171,2237,2547,FuturLab,50,2499,172,1050,1643,"1,000,000 .. 2,000,000",50767,1249,Square Enix,,0
414700,Outlast 2,50,484,119,Red Barrels,90,1999,64,213,4824,"1,000,000 .. 2,000,000",50676,199,Red Barrels,,0
6060,"STAR WARS Battlefront II (Classic, 2005)",47,688,323,Pandemic Studios,0,999,92,170,2891,"2,000,000 .. 5,000,000",50396,999,"Lucasfilm, LucasArts, Disney",,0
1282100,REMNANT II,792,2443,1573,Gunfire Games,60,4999,1004,1517,10114,"1,000,000 .. 2,000,000",50249,1999,Arc Games,,0
1260320,Party Animals,129,765,3070,Recreate Games,40,1999,74,252,13834,"2,000,000 .. 5,000,000",50198,1199,Source Technology,,0
504370,Battlerite,70,908,103,Stunlock Studios,0,0,70,188,9152,"2,000,000 .. 5,000,000",50196,0,Stunlock Studios,,0
1089980,The Henry Stickmin Collection,16,332,185,PuffballsUnited,0,1499,30,271,681,"1,000,000 .. 2,000,000",50017,1499,Innersloth,,0
418460,Rising Storm 2: Vietnam,150,2142,449,"Antimatter Games, Tripwire Interactive",85,2499,252,485,7611,"2,000,000 .. 5,000,000",49952,374,Tripwire Interactive,,0
204100,Max Payne 3,194,792,197,Rockstar Studios,70,1999,365,502,7656,"2,000,000 .. 5,000,000",49420,599,Rockstar Games,,0
2622380,ELDEN RING NIGHTREIGN,980,2452,163599,"FromSoftware, Inc.",0,3999,648,1933,16771,"2,000,000 .. 5,000,000",48901,3999,"FromSoftware, Inc., Bandai Namco Entertainment",,0
319510,Five Nights at Freddy's,8,234,118,Scott Cawthon,0,499,10,86,3406,"2,000,000 .. 5,000,000",48831,499,Scott Cawthon,,0
33230,Assassin's Creed 2,18,1808,188,Ubisoft Montreal,75,1999,18,652,5831,"2,000,000 .. 5,000,000",48815,499,Ubisoft,,0
621060,PC Building Simulator,41,937,132,"Claudiu Kiss, The Irregular Corporation",75,1999,41,358,3299,"1,000,000 .. 2,000,000",48356,499,The Irregular Corporation,,0
678960,CODE VEIN,723,1325,443,Bandai Namco Studios,0,5999,701,681,8991,"2,000,000 .. 5,000,000",48327,5999,Bandai Namco Entertainment,,0
900883,The Elder Scrolls IV: Oblivion Game of the Year Edition Deluxe (2009),0,0,0,Bethesda Game Studios®,0,1999,0,0,2354,"2,000,000 .. 5,000,000",48307,1999,Bethesda Softworks,,0
22330,The Elder Scrolls IV: Oblivion Game of the Year Edition (2009),231,1574,1156,Bethesda Game Studios,75,1499,340,417,2354,"2,000,000 .. 5,000,000",48307,374,Bethesda Softworks,,0
1364780,Street Fighter 6,653,6238,14920,"CAPCOM Co., Ltd.",0,3999,238,1435,8414,"2,000,000 .. 5,000,000",48252,3999,"CAPCOM Co., Ltd.",,0
386180,Crossout,1315,2775,2231,Targem Games,0,0,396,190,15920,"5,000,000 .. 10,000,000",48219,0,Gaijin Network Ltd,,0
2567870,Chained Together,144,304,1154,Anegar Games,10,499,137,239,4958,"2,000,000 .. 5,000,000",48180,449,Anegar Games,,0
307780,Mortal Kombat X,136,936,426,"NetherRealm Studios, QLOC",80,1999,212,372,8175,"2,000,000 .. 5,000,000",48077,399,"Warner Bros. Games, Warner Bros. Interactive Entertainment",,0
409710,BioShock Remastered,219,438,364,"2K Boston, 2K Australia, Blind Squirrel, Feral Interactive (Mac)",75,1999,270,211,10301,"2,000,000 .. 5,000,000",47962,499,"2K, Feral Interactive (Mac)",,0
880940,Pummel Party,247,675,1096,Rebuilt Games,50,1499,227,419,6014,"2,000,000 .. 5,000,000",47800,749,Rebuilt Games,,0
454650,DRAGON BALL XENOVERSE 2,264,2716,652,"QLOC, DIMPS",50,1999,526,1261,5102,"1,000,000 .. 2,000,000",47781,999,Bandai Namco Entertainment,,0
346010,Besiege,43,651,243,Spiderling Studios,90,1499,42,163,2263,"1,000,000 .. 2,000,000",47491,149,Spiderling Studios,,0
552100,Brick Rigs,225,4028,983,Fluppisoft GmbH,30,1899,304,539,2731,"1,000,000 .. 2,000,000",47391,1329,Fluppisoft GmbH,,0
633230,NARUTO TO BORUTO: SHINOBI STRIKER,405,1274,255,Soleil Ltd.,75,1999,774,550,8892,"2,000,000 .. 5,000,000",47138,499,Bandai Namco Entertainment,,0
648350,Jurassic World Evolution,785,1367,260,Frontier Developments,75,4499,1523,642,6875,"2,000,000 .. 5,000,000",47081,1124,Frontier Developments,,0
645630,Car Mechanic Simulator 2018,687,1800,202,Red Dot Games,90,1999,885,556,4456,"2,000,000 .. 5,000,000",47065,199,PlayWay S.A.,,0
924970,Back 4 Blood,408,1732,1288,Turtle Rock Studios,90,5999,222,585,21608,"1,000,000 .. 2,000,000",46833,599,Warner Bros. Games,,0
10090,Call of Duty: World at War,193,2586,433,Treyarch,25,1999,236,803,3884,"2,000,000 .. 5,000,000",46665,1499,Activision,,0
397900,Business Tour - Board Game with Online Multiplayer,135,607,809,8Floor,0,0,92,257,30205,"5,000,000 .. 10,000,000",46567,0,8Floor,,0
333930,Dirty Bomb,454,883,40,Splash Damage,0,0,891,73,10703,"5,000,000 .. 10,000,000",46464,0,Warchest Ltd.,,0
774361,Blasphemous,199,684,479,The Game Kitchen,90,2499,36,228,5091,"1,000,000 .. 2,000,000",46393,249,Team17,,0
386940,Ultimate Chicken Horse,105,518,350,Clever Endeavour Games,65,1499,57,255,1981,"1,000,000 .. 2,000,000",46319,524,Clever Endeavour Games,,0
1774580,STAR WARS Jedi: Survivor,544,1841,2353,Respawn,80,6999,322,1576,20923,"1,000,000 .. 2,000,000",46131,1399,Electronic Arts,,0
8190,Just Cause 2,70,679,90,Avalanche Studios,0,1499,104,151,4738,"2,000,000 .. 5,000,000",46001,1499,Square Enix,,0
2399830,ARK: Survival Ascended,1617,13321,12007,"Studio Wildcard, Grove Street Games, Instinct Games",50,4499,960,2402,31115,"2,000,000 .. 5,000,000",44880,2249,"Studio Wildcard, Snail Games USA",,0
617290,Remnant: From the Ashes,248,1555,429,Gunfire Games,75,3999,362,904,8081,"2,000,000 .. 5,000,000",44761,999,Arc Games,,0
4500,S.T.A.L.K.E.R.: Shadow of Chernobyl,80,793,185,GSC Game World,0,1999,114,321,2530,"1,000,000 .. 2,000,000",44761,1999,GSC Game World,,0
637650,FINAL FANTASY XV WINDOWS EDITION,270,1769,339,Square Enix,60,3499,288,923,9056,"2,000,000 .. 5,000,000",44632,1399,Square Enix,,0
108710,Alan Wake,28,418,165,Remedy Entertainment,90,1999,52,203,4714,"2,000,000 .. 5,000,000",44449,199,Remedy Entertainment,,0
3097560,Liar's Bar,95,254,605,Curve Animation,50,699,66,160,4209,"2,000,000 .. 5,000,000",44341,349,Curve Animation,,0
972660,Spiritfarer: Farewell Edition,406,1016,702,Thunder Lotus Games,90,2999,573,360,2225,"1,000,000 .. 2,000,000",44192,299,Thunder Lotus Games,,0
1665460,eFootball,676,3580,13404,KONAMI,0,0,296,116,48266,"10,000,000 .. 20,000,000",44067,0,KONAMI,,0
870780,Control Ultimate Edition,262,987,648,Remedy Entertainment,85,3999,275,593,6403,"1,000,000 .. 2,000,000",44045,599,Remedy Entertainment,,0
282140,SOMA,0,412,57,Frictional Games,80,2999,0,313,1835,"2,000,000 .. 5,000,000",43530,599,Frictional Games,,0
760160,Vampire: The Masquerade - Bloodhunt,242,369,362,Sharkmob AB,0,0,242,99,13651,"2,000,000 .. 5,000,000",43433,0,Sharkmob AB,,0
813820,Realm Royale,4,1073,2,Heroic Leap Games,0,0,4,119,13520,"5,000,000 .. 10,000,000",43223,0,Hi-Rez Studios,,0
881020,Granblue Fantasy: Relink,34,4256,996,"Cygames, Inc.",60,5999,42,2365,4883,"2,000,000 .. 5,000,000",43116,2399,"Cygames, Inc.",,0
221040,Resident Evil 6,204,1179,515,Capcom,0,1999,299,541,11727,"2,000,000 .. 5,000,000",42993,1999,Capcom,,0
1313860,EA SPORTS FIFA 21,1,10231,138,EA Canada,0,0,1,5731,13377,"1,000,000 .. 2,000,000",42906,0,Electronic Arts,,0
21690,Resident Evil 5,296,1109,566,Capcom,75,1999,315,603,6310,"1,000,000 .. 2,000,000",42807,499,Capcom,,0
1017180,The Long Drive,197,873,377,Genesz,75,1599,225,340,4666,"1,000,000 .. 2,000,000",42761,399,Genesz,,0
2322560,Love Is All Around,30,395,71,intiny,30,999,40,299,2924,"1,000,000 .. 2,000,000",42490,699,intiny,,0
838350,太吾绘卷 The Scroll Of Taiwu,892,3846,989,ConchShip Games,15,1999,1398,1080,18287,"2,000,000 .. 5,000,000",42350,1699,ConchShip Games,,0
2623190,The Elder Scrolls IV: Oblivion Remastered,229,1610,14420,"Bethesda Game Studios, Virtuos",20,4999,110,918,10242,"2,000,000 .. 5,000,000",42316,3999,Bethesda Softworks,,0
502500,ACE COMBAT 7: SKIES UNKNOWN,179,921,340,Bandai Namco Studios Inc.,90,5999,296,589,5990,"2,000,000 .. 5,000,000",42202,599,Bandai Namco Entertainment,,0
1562430,DREDGE,601,626,517,Black Salt Games,50,2499,792,511,1839,"1,000,000 .. 2,000,000",42127,1249,Team17,,0
603850,Age of History II,439,2734,513,Łukasz Jakowski,40,499,439,1390,4711,"1,000,000 .. 2,000,000",41684,299,Łukasz Jakowski Games,,0
221910,The Stanley Parable,292,267,21,Galactic Cafe,50,1499,292,137,3400,"2,000,000 .. 5,000,000",41582,749,Galactic Cafe,,0
644930,They Are Billions,661,5558,2751,Numantian Games,25,2999,816,1434,7257,"2,000,000 .. 5,000,000",41508,2249,Numantian Games,,0
367500,Dragon's Dogma: Dark Arisen,133,1678,329,Capcom,84,2999,133,467,5376,"2,000,000 .. 5,000,000",41310,479,Capcom,,0
568220,Lobotomy Corporation | Monster Management Simulation,85,1952,1524,ProjectMoon,66,2499,72,252,2719,"1,000,000 .. 2,000,000",41213,849,ProjectMoon,,0
200710,Torchlight II,30,1543,268,Runic Games,80,1999,45,623,3210,"2,000,000 .. 5,000,000",41131,399,Arc Games,,0
22370,Fallout 3: Game of the Year Edition,22,1081,318,Bethesda Game Studios,67,1999,33,263,9515,"2,000,000 .. 5,000,000",41078,659,Bethesda Softworks,,0
1129580,Medieval Dynasty,373,2552,1366,Render Cube,40,3499,672,906,4174,"1,000,000 .. 2,000,000",40992,2099,Toplitz Productions,,0
933110,Age of Empires III: Definitive Edition,452,1600,3016,"World's Edge, Tantalus Media, Forgotten Empires",0,0,258,263,7401,"1,000,000 .. 2,000,000",40941,0,Xbox Game Studios,,0
364360,Total War: WARHAMMER,98,3264,297,"CREATIVE ASSEMBLY, Feral Interactive (Linux), Feral Interactive (Mac)",75,5999,195,957,11533,"1,000,000 .. 2,000,000",40889,1499,"SEGA, Feral Interactive (Linux), Feral Interactive (Mac)",,0
920210,LEGO Star Wars: The Skywalker Saga,215,1195,719,TT Games,85,4999,166,536,4173,"1,000,000 .. 2,000,000",40865,749,"Warner Bros. Games, Warner Bros. Interactive Entertainment",,0
202970,Call of Duty: Black Ops II,126,468,238,Treyarch,0,5999,130,139,6454,"2,000,000 .. 5,000,000",40563,5999,Activision,,0
420,Half-Life 2: Episode Two,0,0,20,Valve,0,1999,0,0,1226,"5,000,000 .. 10,000,000",40556,1999,Valve,,0
680420,OUTRIDERS,60,3186,178,People Can Fly,50,1999,60,1895,20201,"2,000,000 .. 5,000,000",40267,999,Square Enix,,0
2479810,Gray Zone Warfare,1620,2935,7543,"MADFINGER Games, a.s.",0,3999,1366,1004,19083,"2,000,000 .. 5,000,000",40235,3999,"MADFINGER Games, a.s.",,0
312520,Rain World,27,1034,836,Videocult,65,2499,29,115,2490,"1,000,000 .. 2,000,000",39787,874,Akupara Games,,0
843380,Super Animal Royale,4,518,364,Pixile,0,0,4,93,2700,"1,000,000 .. 2,000,000",39667,0,Pixile,,0
766570,Russian Fishing 4,1930,4714,14950,FishSoft LLC,0,0,535,55,33887,"5,000,000 .. 10,000,000",39598,0,FishSoft LLC,,0
1371980,No Rest for the Wicked,312,1193,947,Moon Studios GmbH,30,3999,265,528,10970,"2,000,000 .. 5,000,000",39563,2799,Moon Studios GmbH,,0
1659040,HITMAN World of Assassination,415,1478,2637,IO Interactive A/S,80,2999,224,472,6333,"2,000,000 .. 5,000,000",39449,599,IO Interactive A/S,,0
690790,DiRT Rally 2.0,232,1291,631,Codemasters,30,1999,85,272,5212,"1,000,000 .. 2,000,000",39383,1399,"Codemasters, Electronic Arts",,0
225080,Brothers - A Tale of Two Sons,0,171,9,Starbreeze Studios AB,0,1499,0,132,2274,"1,000,000 .. 2,000,000",38721,1499,505 Games,,0
949230,Cities: Skylines II,561,3051,5392,Colossal Order Ltd.,20,4999,439,1181,34827,"2,000,000 .. 5,000,000",38697,3999,Paradox Interactive,,0
204450,Call of Juarez: Gunslinger,103,324,91,Techland,80,1499,145,188,2027,"2,000,000 .. 5,000,000",38679,299,Techland Publishing,,0
3240220,Grand Theft Auto V Enhanced,499,1165,39502,Rockstar North,50,2999,185,229,17286,"5,000,000 .. 10,000,000",38595,1499,Rockstar Games,,0
32470,STAR WARS Empire at War - Gold Pack,768,2601,2818,Petroglyph,65,1999,777,452,932,"1,000,000 .. 2,000,000",38503,699,"LucasArts, Lucasfilm, Disney",,0
3070070,TCG Card Shop Simulator,143,1223,1661,OPNeon Games,35,1299,25,725,1107,"2,000,000 .. 5,000,000",38392,844,OPNeon Games,,0
242920,Banished,480,1606,477,Shining Rock Software LLC,66,1999,498,619,4073,"2,000,000 .. 5,000,000",38173,679,Shining Rock Software LLC,,0
424370,Wolcen: Lords of Mayhem,49,2441,30,WOLCEN Studio,90,2999,49,1307,29831,"1,000,000 .. 2,000,000",37846,299,WOLCEN Studio,,0
1840,Source Filmmaker,774,2159,1047,Valve,0,0,899,82,2868,"1,000,000 .. 2,000,000",37791,0,Valve,,0
599140,Graveyard Keeper,965,1573,941,Lazy Bear Games,80,1999,1593,575,5926,"1,000,000 .. 2,000,000",37721,399,tinyBuild,,0
1824220,Chivalry 2,346,2029,1565,Torn Banner Studios,80,3999,252,461,9288,"2,000,000 .. 5,000,000",37673,799,Tripwire Presents,,0
2420510,HoloCure - Save the Fans!,0,0,645,KayAnimate,0,0,0,0,363,"1,000,000 .. 2,000,000",37623,0,KayAnimate,,0
24240,PAYDAY The Heist,0,548,38,OVERKILL - a Starbreeze Studio.,90,1499,0,198,2653,"2,000,000 .. 5,000,000",37570,149,Starbreeze Entertainment,,0
2669320,EA SPORTS FC 25,716,6578,42032,"EA Canada, EA Romania",80,6999,548,2212,37543,"5,000,000 .. 10,000,000",37253,1399,Electronic Arts,,0
470220,UNO,209,437,291,Ubisoft Entertainment,60,999,233,232,14345,"2,000,000 .. 5,000,000",37173,399,Ubisoft Entertainment,,0
312530,Duck Game,99,1127,112,Landon Podbielski,25,1299,107,339,1304,"2,000,000 .. 5,000,000",37172,974,CORPTRON GAMES CORP.,,0
692850,Bloodstained: Ritual of the Night,30,1161,158,ArtPlay,75,3999,30,862,2486,"1,000,000 .. 2,000,000",36999,999,505 Games,,0
1987080,Inside the Backrooms,74,467,237,MrFatcat,0,699,74,262,8196,"1,000,000 .. 2,000,000",36836,699,"MrFatcat, Dropsiick",,0
1850570,DEATH STRANDING DIRECTOR'S CUT,598,1596,1604,KOJIMA PRODUCTIONS,60,3999,349,686,2819,"1,000,000 .. 2,000,000",36697,1599, 505 Games,,0
527230,For The King,778,1376,428,IronOak Games,80,1999,1210,864,4906,"2,000,000 .. 5,000,000",36581,399,Curve Games,,0
42700,Call of Duty: Black Ops,3200,1949,527,Treyarch,50,3999,3200,510,3695,"2,000,000 .. 5,000,000",36530,1999,Activision,,0
601510,Yu-Gi-Oh! Duel Links,2718,3769,1856,KONAMI,0,0,2758,121,7285,"2,000,000 .. 5,000,000",36345,0,KONAMI,,0
612880,Wolfenstein II: The New Colossus,273,926,290,MachineGames,85,3999,436,621,8413,"1,000,000 .. 2,000,000",36084,599,Bethesda Softworks,,0
967050,Pacify,91,191,77,Shawn Hitchcock,30,499,91,119,5620,"2,000,000 .. 5,000,000",36071,349,Hitchcock Games,,0
805550,Assetto Corsa Competizione,278,2906,1479,Kunos Simulazioni,75,3999,163,507,2908,"1,000,000 .. 2,000,000",36035,999,505 Games,,0
243470,Watch_Dogs,263,1093,388,Ubisoft,75,1999,269,433,9953,"1,000,000 .. 2,000,000",35770,499,Ubisoft,,0
418240,Shadow Tactics: Blades of the Shogun,55,592,218,Mimimi Games,90,3999,82,203,1470,"1,000,000 .. 2,000,000",35767,399,Daedalic Entertainment,,0
